Month,Total Accrued Interest,Loan Balance
0,$0.00,$100000.00
1,$208.33,$98433.60
2,$413.40,$96863.93
3,$615.20,$95290.99
4,$813.73,$93714.78
5,$1008.97,$92135.28
6,$1200.91,$90552.50
7,$1389.56,$88966.41
8,$1574.91,$87377.02
9,$1756.95,$85784.32
10,$1935.66,$84188.30
11,$2111.06,$82588.96
12,$2283.12,$80986.28
13,$2451.84,$79380.27
14,$2617.21,$77770.91
15,$2779.24,$76158.19
16,$2937.90,$74542.12
17,$3093.20,$72922.68
18,$3245.12,$71299.87
19,$3393.66,$69673.67
20,$3538.81,$68044.09
21,$3680.57,$66411.11
22,$3818.93,$64774.73
23,$3953.88,$63134.94
24,$4085.41,$61491.74
25,$4213.51,$59845.11
26,$4338.19,$58195.05
27,$4459.43,$56541.55
28,$4577.23,$54884.61
29,$4691.57,$53224.22
30,$4802.45,$51560.37
31,$4909.87,$49893.05
32,$5013.81,$48222.26
33,$5114.28,$46547.98
34,$5211.25,$44870.22
35,$5304.73,$43188.97
36,$5394.71,$41504.21
37,$5481.18,$39815.94
38,$5564.13,$38124.15
39,$5643.55,$36428.84
40,$5719.44,$34730.00
41,$5791.80,$33027.62
42,$5860.61,$31321.69
43,$5925.86,$29612.20
44,$5987.55,$27899.16
45,$6045.67,$26182.55
46,$6100.22,$24462.36
47,$6151.19,$22738.59
48,$6198.56,$21011.22
49,$6242.33,$19280.26
50,$6282.50,$17545.69
51,$6319.05,$15807.51
52,$6351.98,$14065.70
53,$6381.29,$12320.27
54,$6406.95,$10571.20
55,$6428.98,$8818.49
56,$6447.35,$7062.12
57,$6462.06,$5302.10
58,$6473.11,$3538.41
59,$6480.48,$1771.05
60,$6484.17,$0.00
